date,skill,model,input_tokens,output_tokens,cache_read,cache_creation
2026-06-06,atlas-layers,claude-opus-4-8,2088,2034,213533,12813
2026-06-06,atlas-layers,claude-opus-4-8,2233,5987,485056,17879
2026-06-06,heartbeat,claude-opus-4-8,2234,8748,559828,36593
2026-06-06,heartbeat,claude-opus-4-8,2094,8084,391560,26870
2026-06-07,atlas-layers,claude-opus-4-8,2225,10445,385240,28194
2026-06-07,heartbeat,claude-opus-4-8,2225,10856,531489,40170
2026-06-07,heartbeat,claude-opus-4-8,16220,7968,452510,37906
2026-06-07,heartbeat,claude-opus-4-8,4260,6175,420587,37631
2026-06-08,heartbeat,claude-opus-4-8,2092,6244,399997,35995
2026-06-08,heartbeat,claude-opus-4-8,2223,7577,371593,25558
2026-06-09,heartbeat,claude-opus-4-8,2092,5540,372872,37242
2026-06-09,heartbeat,claude-opus-4-8,2090,6886,316889,36937
2026-06-09,heartbeat,claude-opus-4-8,2096,6912,378551,39244
2026-06-10,heartbeat,claude-opus-4-8,2096,7153,374423,38669
2026-06-11,heartbeat,claude-opus-4-8,16224,6575,404377,36395
2026-06-11,heartbeat,claude-opus-4-8,2098,4601,257907,33212
2026-06-12,heartbeat,claude-opus-4-8,2327,6015,455881,34932
2026-06-13,heartbeat,claude-opus-4-8,2102,5659,362098,34473
2026-06-13,heartbeat,claude-opus-4-8,2108,7204,391558,23378
2026-06-13,heartbeat,claude-opus-4-8,2323,6475,349908,35305
2026-06-14,heartbeat,claude-opus-4-8,2104,7540,427970,37967
2026-06-14,heartbeat,claude-opus-4-8,2098,6180,267754,37152
2026-06-15,heartbeat,claude-opus-4-8,2104,5482,353300,28119
2026-06-16,heartbeat,claude-opus-4-8,2607,5369,371124,36752
2026-06-17,heartbeat,claude-opus-4-8,2605,4816,309346,34161
2026-06-17,heartbeat,claude-opus-4-8,2605,6239,315259,36220
2026-06-18,heartbeat,claude-opus-4-8,2607,5639,370456,36550
2026-06-18,heartbeat,claude-opus-4-8,4070,5792,312956,37175
2026-06-19,heartbeat,claude-opus-4-8,2832,6340,456254,37294
2026-06-19,heartbeat,claude-opus-4-8,2605,5686,312729,35518
2026-06-20,heartbeat,claude-opus-4-8,2609,5603,417728,36150
2026-06-20,heartbeat,claude-opus-4-8,2603,4926,265181,35585
2026-06-20,heartbeat,claude-opus-4-8,16731,8852,309293,39167
2026-06-21,atlas-layers,claude-opus-4-8,2607,2207,244342,13340
2026-06-21,heartbeat,claude-opus-4-8,2605,7330,309161,37239
2026-06-21,heartbeat,claude-opus-4-8,2836,5892,556257,36457
2026-06-21,heartbeat,claude-opus-4-8,2617,6844,478029,24373
2026-06-22,heartbeat,claude-opus-4-8,2609,9075,453449,43234
2026-06-23,heartbeat,claude-opus-4-8,16758,7176,467275,38453
2026-06-23,heartbeat,claude-opus-4-8,2628,5866,346664,35066
2026-06-23,heartbeat,claude-opus-4-8,2632,6364,397743,29273
2026-06-24,heartbeat,claude-opus-4-8,2620,5474,336866,36435
2026-06-24,heartbeat,claude-opus-4-8,2618,4730,301305,35487
2026-06-25,heartbeat,claude-opus-4-8,2630,6378,443321,25561
2026-06-25,heartbeat,claude-opus-4-8,2618,5701,285343,35640
2026-06-26,heartbeat,claude-opus-4-8,2622,6230,393587,37435
2026-06-26,heartbeat,claude-opus-4-8,2618,5708,291372,37805
2026-06-26,heartbeat,claude-opus-4-8,2624,7700,458983,38786
